title,tags,id
Bardic Aggravation,dc20:ttrpgs,UCg7JrN8jLxzSX8Te3NRldNA
Brodie Robertson,linux,UCld68syR8Wi-GY_n4CaoJGA
chris biscardi,bevy:rust:game-development,UCiSIL42pQRpc-8JNiYDFyzQ
Code to the Moon,rust:software-development,UCjREVt2ZJU8ql-NC9Gu-TJw
CodeAesthetic,software-development,UCaSCt8s_4nfkRglWCvNSDrg
Cowboy Kent Rollins,food,UClrMJRlvoyoWsVlB-7c61PQ
DFBGuide,disney,UCnpWedLQdHpZqhgTLdB9Yyg
DevOps Toolbox,devops,UCYeiozh-4QwuC1sjgCmB92w
Disney Parks,disney,UC1xwwLwm6WSMbUn_Tp597hQ
Dogen,japanese,UCSX0NhNdBA-ZnEFkYFzdw4A
Dreams of Autonomy,home-lab,UCEEVcDuBRDiwxfXAgQjLGug
Dreams of Code,software-development,UCWQaM7SpSECp9FELz-cHzuQ
Driving 4 Answers,engineering,UCwosUnVH6AINmxtqkNJ3Fbg
fasterthanlime,software-development,UCs4fQRyl1TJvoeOdekW6lYA
FortNine,engineering,UCNSMdQtn1SuFzCZjfK2C7dQ
Grace Covenant Church PCA,church,UCapTRNfNo37L96IyVCP94JA
Jacob Sorber,software-development,UCwd5VFu4KoJNjkWJZMFJGHQ
Jacques,bevy:rust:software-development,UCtLGtHHHkr_UBuRcp9pDiYw
Jeremy Chone,rust:software-development,UCiT_r1GD7JSftnbViKHcOtQ
Jon Gjengset,rust:software-development,UC_iD0xppBwwsrM9DegC5cQQ
Jonathan Barouch,music-theory,UC6iqdLTx5CYwjP5D9cadXqw
Logan Smith,rust:software-development,UCnHX5FjwtQpxkCGziuh4NJA
Luke Smith,linux:philosophy,UC2eYFnH61tmytImy1mTYvhA
Mystic Arts,ttrpgs,UCJQEEltSpi8LXqMH8uTrCQQ
Sascha Koenig,nixos,UCnrVJrE6JLB75nU7tZZ7BSw
Slow Your Roll,dc20:ttrpg,UCdxehAZcCMOQ60azrTU283Q
Sorcerer Radio,disney:music,UCKSs6PXgeYDSHTcGdaItJYw
Technology Connections,technology,UCy0tKL1T7wFoYcxCe0xjN6Q
The Dungeon Coach,dc20:ttrpgs,UCz8xkTADYdRQR7GP-f2PjOA
The Fantasy Forge,ttrpgs,UCnVqE5aiTqVJdRxhszBaHoQ
Untitled Linux Show,linux,UCsGdWQMkl4Yv4fLBQ3aCC1Q
Vimjoyer,nixos,UC_zBdZ0_H_jn41FDRG7q4Tw
Walt Disney Imagineering,disney,UC4DavIB24rEr5waVY5AgZLg
Willowares,dnd:ttrpgs,UCvzjoK-ypiDiWvq9jzgpHXg
Zee Bashew,dnd:ttrpgs,UCCXR2kCo7Lcw_BKwWxo09kw
Corkboards & Curiosities,ttrpgs,UC9BnAYinTjRxJncBepNImhQ
Andrew Giraffe,linux:software-development,UCrwOzu7ienZYuzAdeeRL4rQ
